ID,Category,Age,Sex,ALB,ALP,ALT,AST,BIL,CHE,CHOL,CREA,GGT,PROT
1,0,32,0,38.5,52.5,7.7,22.1,7.5,6.93,3.23,106.0,12.1,69.0
2,0,32,0,38.5,70.3,18.0,24.7,3.9,11.17,4.8,74.0,15.6,76.5
3,0,32,0,46.9,74.7,36.2,52.6,6.1,8.84,5.2,86.0,33.2,79.3
4,0,32,0,43.2,52.0,30.6,22.6,18.9,7.33,4.74,80.0,33.8,75.7
5,0,32,0,39.2,74.1,32.6,24.8,9.6,9.15,4.32,76.0,29.9,68.7
6,0,32,0,41.6,43.3,18.5,19.7,12.3,9.92,6.05,111.0,91.0,74.0
7,0,32,0,46.3,41.3,17.5,17.8,8.5,7.01,4.79,70.0,16.9,74.5
8,0,32,0,42.2,41.9,35.8,31.1,16.1,5.82,4.6,109.0,21.5,67.1
9,0,32,0,50.9,65.5,23.2,21.2,6.9,8.69,4.1,83.0,13.7,71.3
10,0,32,0,42.4,86.3,20.3,20.0,35.2,5.46,4.45,81.0,15.9,69.9
11,0,32,0,44.3,52.3,21.7,22.4,17.2,4.15,3.57,78.0,24.1,75.4
12,0,33,0,46.4,68.2,10.3,20.0,5.7,7.36,4.3,79.0,18.7,68.6
13,0,33,0,36.3,78.6,23.6,22.0,7.0,8.56,5.38,78.0,19.4,68.7
14,0,33,0,39.0,51.7,15.9,24.0,6.8,6.46,3.38,65.0,7.0,70.4
15,0,33,0,38.7,39.8,22.5,23.0,4.1,4.63,4.97,63.0,15.2,71.9
16,0,33,0,41.8,65.0,33.1,38.0,6.6,8.83,4.43,71.0,24.0,72.7
17,0,33,0,40.9,73.0,17.2,22.9,10.0,6.98,5.22,90.0,14.7,72.4
18,0,33,0,45.2,88.3,32.4,31.2,10.1,9.78,5.51,102.0,48.5,76.5
19,0,33,0,36.6,57.1,38.9,40.3,24.9,9.62,5.5,112.0,27.6,69.3
20,0,33,0,42.0,63.1,32.6,34.9,11.2,7.01,4.05,105.0,19.1,68.1
21,0,33,0,44.3,49.8,32.1,21.6,13.1,7.44,5.59,103.0,30.2,74.0
22,0,33,0,46.7,88.3,23.4,23.9,7.8,9.42,4.62,78.0,29.5,74.3
23,0,34,0,42.7,65.3,46.7,30.3,23.4,10.95,5.06,75.0,99.6,69.1
24,0,34,0,43.4,46.1,97.8,46.2,11.3,7.99,3.62,71.0,35.3,69.6
25,0,34,0,40.5,32.4,29.6,27.1,5.8,10.5,4.56,91.0,26.6,72.0
26,0,34,0,44.8,77.7,36.9,31.0,19.5,10.51,5.59,80.0,23.7,78.9
27,0,34,0,42.6,27.0,21.4,21.7,7.2,8.15,6.79,85.0,13.9,67.7
28,0,34,0,29.0,41.6,29.1,16.1,4.8,6.82,4.03,62.0,14.5,53.2
29,0,34,0,44.6,84.1,19.6,29.8,5.8,7.6,5.07,95.0,9.9,71.9
30,0,34,0,46.8,61.7,24.5,24.2,23.1,10.99,4.6,83.0,23.8,73.1
31,0,34,0,41.8,75.8,30.9,35.5,6.1,9.97,5.94,89.0,48.5,71.3
32,0,34,0,46.1,70.6,35.8,30.0,7.6,7.7,4.2,93.0,14.3,78.7
33,0,34,0,43.6,58.9,47.1,31.1,18.5,9.14,4.99,95.0,22.2,69.3
34,0,35,0,37.5,69.8,37.1,25.0,7.8,11.66,5.73,84.0,27.3,71.0
35,0,35,0,42.1,68.3,37.2,56.2,11.1,9.3,4.63,99.0,16.8,73.6
36,0,35,0,44.7,79.3,53.5,30.8,9.7,11.39,7.04,88.0,77.3,77.1
37,0,35,0,41.5,115.1,24.1,30.4,5.7,9.41,4.33,81.0,22.2,71.3
38,0,35,0,48.7,72.7,24.1,31.0,45.1,9.4,3.8,90.0,20.0,75.8
39,0,35,0,47.3,92.2,30.7,25.7,6.6,11.58,5.9,82.0,36.9,77.8
40,0,35,0,44.5,70.3,26.2,25.1,5.1,10.12,4.69,82.0,20.7,67.2
41,0,35,0,47.4,54.5,18.6,21.6,10.3,8.1,6.23,66.0,28.1,74.0
42,0,35,0,51.0,82.7,29.3,26.8,8.7,12.32,5.44,89.0,25.0,77.3
43,0,35,0,27.8,99.0,30.7,27.8,9.4,6.8,4.27,65.0,40.5,80.7
44,0,36,0,46.1,58.5,26.8,25.3,6.0,6.61,5.07,71.0,10.5,79.6
45,0,36,0,45.5,57.6,22.5,19.5,7.5,5.28,4.06,88.0,62.5,71.6
46,0,36,0,41.7,77.2,103.6,46.9,10.4,12.21,5.63,88.0,20.9,69.3
47,0,36,0,45.9,58.8,29.7,27.7,11.7,5.6,4.89,93.0,23.1,70.8
48,0,36,0,48.7,65.0,11.5,18.0,7.4,8.02,7.35,69.0,14.2,73.4
49,0,36,0,53.0,66.4,40.8,23.2,7.5,8.73,5.81,75.0,36.1,77.3
50,0,36,0,47.8,89.0,48.5,38.4,8.6,8.26,5.62,96.0,21.9,76.2
51,0,36,0,42.6,65.3,35.8,27.1,15.7,10.66,4.38,96.0,34.7,71.0
52,0,36,0,42.4,47.3,23.0,25.5,6.1,9.46,5.29,79.0,17.5,73.8
53,0,36,0,48.9,82.8,16.9,24.4,8.9,8.91,5.1,97.0,14.8,79.9
54,0,37,0,31.4,106.0,16.6,17.0,2.4,5.95,5.3,68.0,22.9,72.3
55,0,37,0,42.9,70.7,16.3,24.1,15.7,9.03,6.8,93.0,70.1,73.4
56,0,37,0,44.0,57.4,26.1,24.6,9.7,10.41,6.17,83.0,38.9,76.5
57,0,37,0,41.5,64.6,23.7,29.9,9.3,5.49,3.97,100.0,10.4,69.3
58,0,37,0,47.9,68.8,40.3,46.9,6.0,9.76,6.42,81.0,22.7,80.6
59,0,37,0,44.8,94.3,32.2,36.7,6.3,9.76,4.12,113.0,23.8,72.5
60,0,37,0,38.6,61.2,24.6,31.9,7.9,6.02,4.63,72.0,10.3,56.3
61,0,37,0,51.2,84.5,18.8,24.7,9.9,8.62,6.59,94.0,25.3,76.3
62,0,37,0,41.9,77.5,24.9,25.8,4.1,8.7,4.36,84.0,16.0,71.5
63,0,37,0,46.1,44.3,42.7,26.5,6.4,10.86,5.05,74.0,22.2,73.1
64,0,37,0,50.4,48.5,19.4,27.5,11.6,5.78,4.93,90.0,27.8,75.0
65,0,37,0,33.9,64.0,91.7,44.7,9.1,8.35,5.4,95.0,30.3,74.7
66,0,37,0,42.9,61.8,96.1,44.1,9.6,7.82,5.1,82.0,32.3,69.3
67,0,37,0,40.8,118.9,17.2,19.2,3.2,9.17,4.26,88.0,13.5,72.0
68,0,37,0,43.6,72.8,51.4,43.7,13.8,8.16,4.88,70.0,94.5,75.2
69,0,37,0,46.4,53.3,20.2,24.9,8.7,8.63,5.9,86.0,23.3,78.9
70,0,37,0,48.7,62.3,21.0,21.1,41.9,9.71,4.02,84.0,16.0,75.1
71,0,38,0,48.1,63.2,11.7,14.7,5.1,8.83,3.87,85.0,9.5,73.1
72,0,38,0,39.9,62.9,71.7,43.9,10.4,10.9,7.01,99.0,88.3,73.1
73,0,38,0,45.5,50.2,16.3,22.8,10.9,8.73,5.88,103.0,13.8,76.1
74,0,38,0,43.4,58.9,45.7,45.7,9.2,10.86,5.74,90.0,30.0,73.9
75,0,38,0,41.2,43.8,19.9,20.5,10.1,5.95,3.91,63.0,70.8,67.4
76,0,38,0,44.7,69.4,47.4,35.1,16.7,6.9,4.14,67.0,17.3,70.1
77,0,38,0,42.0,42.7,34.8,42.2,3.3,6.1,4.74,96.0,14.6,66.7
78,0,38,0,48.4,44.9,23.4,22.1,7.9,10.53,7.51,87.0,43.2,82.6
79,0,38,0,38.3,81.5,65.9,35.3,14.0,11.0,5.46,80.0,45.2,68.1
80,0,38,0,40.5,61.7,18.6,24.7,6.7,8.47,6.05,89.0,19.6,75.6
81,0,39,0,45.1,63.9,26.0,21.3,9.3,8.57,5.24,79.0,29.4,71.2
82,0,39,0,38.8,52.5,54.3,31.3,10.1,10.68,6.26,81.0,31.5,77.2
83,0,39,0,47.0,66.5,24.8,29.1,10.5,10.04,6.26,73.0,49.8,78.4
84,0,39,0,36.6,71.3,28.9,25.9,6.1,5.7,4.66,77.0,22.6,66.3
85,0,39,0,43.9,90.1,87.9,60.6,8.6,9.94,4.64,98.0,99.3,66.2
86,0,39,0,43.4,48.6,33.4,35.0,23.4,9.68,5.55,73.0,22.1,75.2
87,0,39,0,36.0,36.5,21.5,25.7,3.3,8.43,4.85,93.0,23.1,70.5
88,0,39,0,45.7,73.4,45.5,33.8,5.0,9.07,4.41,82.0,20.6,78.9
89,0,39,0,37.5,80.2,32.6,25.3,2.7,9.3,6.85,72.0,27.5,73.1
90,0,39,0,46.4,102.9,44.4,26.2,4.1,9.29,8.89,103.0,64.0,72.2
91,0,39,0,45.8,62.5,20.7,22.8,45.5,8.61,4.78,77.0,15.9,75.5
92,0,39,0,46.1,77.1,34.9,37.6,4.1,13.86,8.11,94.0,76.9,71.1
93,0,40,0,47.8,68.0,17.5,22.3,7.7,9.94,6.09,88.0,23.3,73.9
94,0,40,0,44.5,45.7,25.9,27.6,9.2,8.93,4.49,87.0,17.0,71.2
95,0,40,0,41.4,67.5,59.8,36.8,7.3,4.18,6.02,76.0,92.7,72.5
96,0,40,0,45.0,74.2,20.9,29.1,12.0,9.1,6.29,92.0,24.1,74.1
97,0,40,0,39.1,66.5,33.3,32.9,14.8,7.87,4.91,88.0,18.5,68.8
98,0,40,0,45.1,63.4,39.6,31.4,19.7,11.31,4.74,91.0,18.2,81.1
99,0,40,0,45.4,52.9,41.3,26.2,10.6,10.27,6.85,82.0,40.2,76.6
100,0,40,0,46.9,61.8,27.4,43.0,7.0,7.26,5.09,98.0,14.2,75.3
101,0,41,0,45.1,86.8,24.0,23.9,10.6,7.84,6.23,72.0,35.3,75.1
102,0,41,0,38.5,63.9,34.3,43.4,9.6,6.8,4.13,90.0,11.4,64.1
103,0,41,0,42.3,55.9,19.6,18.9,10.9,7.15,3.29,86.0,24.5,76.1
104,0,41,0,46.9,69.0,19.7,27.3,6.1,6.39,4.55,72.0,21.6,71.3
105,0,41,0,40.2,48.2,37.0,34.9,9.2,11.35,5.56,78.0,26.6,73.3
106,0,41,0,53.3,79.0,29.5,28.5,14.1,7.96,5.9,87.0,33.8,83.4
107,0,41,0,44.7,74.9,25.2,20.2,6.3,10.34,4.23,74.0,23.7,72.1
108,0,41,0,37.4,75.1,28.0,25.7,4.1,10.62,5.57,83.0,18.6,71.9
109,0,42,0,45.3,55.3,31.0,50.0,18.5,15.43,5.88,83.0,15.4,72.4
110,0,42,0,44.1,46.8,23.8,19.4,7.0,10.83,6.28,95.0,19.7,73.0
111,0,42,0,37.8,78.6,51.4,31.8,10.1,9.66,6.15,85.0,15.1,70.8
112,0,42,0,46.3,71.4,30.3,22.5,26.9,7.95,7.3,88.0,21.8,71.8
113,0,42,0,46.4,43.7,18.7,24.3,6.3,6.59,4.78,93.0,10.1,73.1
114,0,42,0,38.1,88.7,46.7,37.0,12.5,7.26,6.76,54.0,18.4,72.1
115,0,42,0,46.9,68.7,118.1,49.3,20.2,7.93,5.62,86.0,74.9,73.8
116,0,42,0,37.8,83.7,25.3,20.0,18.6,7.52,5.07,108.0,17.4,64.1
117,0,42,0,46.2,57.7,35.6,22.9,14.8,11.01,8.6,80.0,70.1,77.5
118,0,43,0,37.0,82.0,25.3,26.2,5.4,8.42,4.96,79.0,15.9,68.4
119,0,43,0,39.7,126.0,21.9,28.9,16.2,8.48,5.3,114.0,21.4,80.3
120,0,43,0,54.4,99.3,40.2,29.5,6.1,8.84,5.92,95.0,22.3,79.3
121,0,43,0,36.3,67.3,28.7,27.9,5.5,8.55,5.27,97.0,17.1,74.2
122,0,43,0,48.6,45.0,10.5,40.5,5.3,7.09,5.07,63.0,25.1,70.0
123,0,43,0,42.9,50.7,26.4,22.0,6.4,10.2,4.72,81.0,15.2,71.8
124,0,43,0,39.4,61.8,55.0,32.5,7.1,11.94,7.84,64.0,153.5,75.6
125,0,43,0,41.5,75.6,15.3,21.2,5.2,7.36,4.71,84.0,12.9,72.2
126,0,43,0,42.8,76.9,57.7,33.0,11.3,9.63,9.43,72.0,23.3,72.9
127,0,43,0,43.9,40.7,35.8,188.7,8.7,7.7,5.41,90.0,21.6,75.4
128,0,43,0,41.2,59.4,34.3,24.2,4.1,9.64,4.93,84.0,20.8,74.5
129,0,44,0,44.4,84.9,28.0,26.1,33.9,10.28,4.68,84.0,14.1,76.9
130,0,44,0,38.4,110.8,17.2,30.7,4.6,9.51,5.12,74.0,25.2,73.6
131,0,44,0,44.5,93.6,27.5,25.5,5.4,7.79,4.59,108.0,16.7,76.8
132,0,44,0,37.4,105.7,16.2,21.3,5.2,8.69,6.02,67.0,14.0,70.9
133,0,44,0,35.5,81.7,27.5,29.5,6.4,8.81,6.65,83.0,24.1,68.0
134,0,44,0,44.0,84.3,47.4,31.3,4.1,10.28,5.42,105.0,34.2,75.3
135,0,44,0,48.6,73.5,49.6,32.5,22.6,11.24,6.68,95.0,32.2,74.0
136,0,44,0,40.8,71.6,17.2,21.0,3.5,7.38,4.46,88.0,11.4,63.4
137,0,44,0,47.3,43.9,16.2,19.3,4.7,10.02,5.85,100.0,14.9,71.2
138,0,44,0,44.6,53.9,28.4,23.8,8.8,9.47,4.87,94.0,21.3,69.2
139,0,45,0,41.4,63.2,41.4,31.6,5.8,12.28,7.29,82.0,56.0,70.6
140,0,45,0,46.5,77.8,52.9,34.0,12.1,9.82,5.58,101.0,34.9,76.2
141,0,45,0,36.2,102.6,70.8,40.3,14.5,8.69,5.98,94.0,80.6,66.6
142,0,45,0,41.7,73.2,43.6,29.4,6.4,8.89,5.31,71.0,67.4,70.3
143,0,45,0,43.2,68.2,27.8,42.3,6.6,10.93,6.61,105.0,27.2,74.5
144,0,45,0,40.3,64.4,18.8,27.2,5.2,6.71,4.25,74.0,19.7,67.2
145,0,45,0,46.4,77.0,60.3,32.9,8.8,9.38,6.27,85.0,81.1,75.5
146,0,45,0,44.3,71.5,15.9,16.3,7.3,8.0,5.35,83.0,19.8,71.3
147,0,45,0,45.7,75.4,41.4,28.6,7.7,10.88,6.25,99.0,85.4,78.8
148,0,46,0,42.6,61.6,18.6,21.4,10.2,7.0,6.13,89.0,19.9,73.7
149,0,46,0,35.7,49.2,22.7,23.0,17.4,8.51,5.85,87.0,13.4,62.1
150,0,46,0,39.7,40.3,14.6,22.3,5.3,6.3,4.66,71.0,11.7,67.2
151,0,46,0,37.9,79.9,17.7,20.1,12.7,10.1,5.38,72.0,12.7,67.7
152,0,46,0,41.8,65.6,30.5,28.2,6.1,10.68,4.72,82.0,24.8,65.0
153,0,46,0,47.7,51.6,19.7,21.8,6.3,7.25,5.19,84.0,20.9,75.2
154,0,46,0,44.8,98.0,41.0,30.6,4.0,10.92,7.42,91.0,28.8,79.8
155,0,46,0,49.1,60.0,19.5,20.5,3.1,7.81,5.02,102.0,20.8,70.2
156,0,46,0,43.0,41.0,15.1,20.7,5.1,7.87,5.35,84.0,15.4,73.2
157,0,46,0,45.9,80.1,67.5,36.7,2.9,8.73,4.68,113.0,50.1,68.8
158,0,46,0,49.7,48.2,11.5,17.6,11.2,6.74,3.71,106.0,10.6,75.2
159,0,46,0,37.3,91.6,33.4,35.9,2.6,9.74,6.73,78.0,64.2,69.9
160,0,46,0,47.4,55.9,35.2,33.5,10.2,10.61,4.95,96.0,41.7,76.3
161,0,46,0,51.8,82.6,37.3,29.1,13.4,9.97,7.4,90.0,30.1,80.3
162,0,47,0,44.7,59.3,27.8,30.5,6.9,7.37,5.1,101.0,21.1,77.2
163,0,47,0,41.6,61.0,31.5,25.6,7.3,8.59,5.66,69.0,39.1,72.9
164,0,47,0,49.5,75.2,29.6,29.0,7.3,10.67,5.96,75.0,34.9,72.4
165,0,47,0,40.8,42.8,39.0,31.7,23.5,6.44,4.86,96.0,27.8,66.4
166,0,47,0,48.0,66.5,17.5,23.2,9.9,7.09,5.06,81.0,14.9,68.1
167,0,47,0,42.1,81.6,26.4,26.4,5.5,10.5,5.95,97.0,35.3,77.5
168,0,47,0,42.2,52.9,20.7,27.1,13.9,10.15,5.15,79.0,28.8,69.5
169,0,47,0,48.3,59.3,49.9,31.7,7.1,11.09,5.56,88.0,91.5,73.0
170,0,47,0,46.2,63.0,7.0,17.4,6.5,7.06,5.23,60.0,26.6,75.4
171,0,47,0,45.3,51.6,18.4,16.9,7.1,8.96,4.29,74.0,15.7,69.1
172,0,47,0,36.7,44.8,29.3,23.5,6.9,7.38,4.44,87.0,24.4,68.3
173,0,47,0,48.0,56.4,23.0,25.7,6.5,8.32,6.3,89.0,23.3,78.0
174,0,47,0,55.4,61.2,25.4,32.9,28.3,8.39,5.25,96.0,10.3,82.1
175,0,48,0,42.5,69.2,44.6,28.3,15.8,11.92,6.76,86.0,42.9,81.5
176,0,48,0,46.2,59.9,14.6,25.7,5.3,6.93,6.29,66.0,23.4,75.8
177,0,48,0,38.2,94.9,32.0,29.4,21.5,7.93,5.36,98.0,53.0,71.8
178,0,48,0,43.1,83.9,20.8,27.4,18.3,9.82,6.14,90.0,16.4,74.9
179,0,48,0,44.7,56.4,20.9,24.2,17.5,5.49,5.65,74.0,28.5,75.0
180,0,48,0,38.8,94.7,28.6,33.4,5.1,7.93,4.27,87.0,14.7,66.8
181,0,48,0,43.4,41.2,18.4,21.2,9.8,7.19,6.37,80.0,15.8,68.9
182,0,48,0,46.0,58.1,21.4,29.3,6.9,9.36,5.7,83.0,32.3,74.1
183,0,48,0,45.7,88.5,59.1,34.0,6.5,10.81,6.25,87.0,38.3,74.1
184,0,48,0,42.6,69.1,17.6,28.3,7.7,15.4,5.07,81.0,29.9,77.8
185,0,48,0,46.4,64.1,29.3,27.6,13.2,10.07,8.28,98.0,28.9,83.3
186,0,48,0,50.4,34.6,37.2,28.0,17.3,10.87,6.97,114.0,45.2,72.9
187,0,49,0,39.1,62.1,23.8,19.6,3.5,9.19,4.82,85.0,19.4,69.8
188,0,49,0,39.7,77.3,20.2,19.0,8.8,7.26,4.98,84.0,74.5,65.4
189,0,49,0,41.2,96.0,25.0,27.7,15.6,7.12,5.61,92.0,37.8,68.7
190,0,49,0,44.7,60.2,34.6,28.5,7.1,10.14,5.68,98.0,87.0,69.8
191,0,49,0,44.4,63.3,13.5,16.4,7.3,11.19,4.49,73.0,13.6,72.3
192,0,49,0,40.2,73.8,17.9,23.6,7.6,7.99,5.31,106.0,15.9,71.4
193,0,49,0,44.3,84.1,29.0,29.0,16.2,8.18,4.65,87.0,21.9,70.8
194,0,49,0,47.8,67.9,44.2,29.9,6.9,8.76,6.23,99.0,26.9,79.5
195,0,50,0,40.0,87.8,87.5,52.6,4.8,8.7,6.46,76.0,152.5,71.0
196,0,50,0,46.6,66.3,19.5,23.7,18.5,8.27,5.73,92.0,12.1,76.7
197,0,50,0,44.3,82.5,38.6,32.9,7.3,8.57,5.95,83.0,23.4,66.6
198,0,50,0,45.7,62.6,55.9,24.3,12.8,10.79,6.42,89.0,55.2,74.2
199,0,50,0,43.5,76.2,13.1,18.8,5.6,8.11,4.55,57.0,16.5,67.0
200,0,50,0,36.0,51.0,26.1,29.0,6.5,7.5,5.75,67.0,64.0,70.5
201,0,50,0,35.5,59.4,43.9,35.8,7.6,11.23,6.56,106.0,24.9,73.2
202,0,50,0,40.3,70.5,46.4,32.3,6.8,8.11,4.06,77.0,16.9,69.2
203,0,50,0,43.8,56.9,29.5,32.8,4.1,7.77,5.8,72.0,53.6,72.5
204,0,50,0,43.1,73.7,19.0,21.8,2.9,9.45,6.06,91.0,33.3,68.9
205,0,50,0,39.7,96.5,54.8,30.8,3.3,8.98,5.66,82.0,52.4,65.8
206,0,50,0,42.2,145.0,27.5,37.9,4.5,13.71,8.8,103.0,239.0,73.1
207,0,51,0,38.0,54.8,23.8,28.6,13.5,6.33,4.65,99.0,18.3,66.4
208,0,51,0,36.8,98.5,25.5,27.7,5.0,9.49,6.08,89.0,18.2,64.9
209,0,51,0,47.2,78.1,27.4,23.9,8.4,10.14,6.54,86.0,35.3,71.6
210,0,51,0,42.6,69.1,17.6,28.3,7.7,15.4,5.07,81.0,29.9,77.8
211,0,51,0,42.0,84.3,14.7,19.2,3.2,8.19,4.68,81.0,20.9,77.1
212,0,51,0,45.9,66.7,31.8,28.1,9.0,10.08,5.61,85.0,36.2,73.0
213,0,51,0,50.8,56.0,33.2,32.9,6.3,11.33,5.93,93.0,22.4,80.3
214,0,51,0,46.3,69.4,20.1,26.8,4.5,9.99,4.14,81.0,12.3,73.9
215,0,52,0,42.3,72.6,47.4,23.8,6.0,8.62,7.2,86.0,36.1,77.6
216,0,52,0,42.2,72.2,47.9,23.7,8.6,11.91,6.29,96.0,62.5,72.9
217,0,52,0,82.2,82.2,37.0,23.7,7.8,8.9,6.09,77.0,87.8,67.4
218,0,52,0,39.3,63.6,20.7,25.3,4.4,8.26,5.35,84.0,18.9,64.4
219,0,52,0,46.8,85.5,15.2,31.9,10.3,9.09,6.56,89.0,21.8,73.3
220,0,52,0,44.7,43.5,40.9,47.2,10.4,10.08,5.0,74.0,26.5,75.4
221,0,52,0,37.2,73.6,28.9,29.8,6.6,6.8,4.94,8.0,24.1,64.2
222,0,52,0,40.7,78.6,43.3,27.1,13.4,10.95,5.22,73.0,30.0,80.9
223,0,52,0,41.2,67.4,20.4,18.8,4.3,8.51,4.97,82.0,40.4,68.5
224,0,52,0,46.6,72.2,35.0,41.1,4.6,7.7,6.92,80.0,21.5,79.6
225,0,52,0,41.0,61.4,28.7,34.8,5.4,9.36,6.66,100.0,26.8,73.6
226,0,52,0,41.6,59.1,26.3,25.6,3.0,9.55,4.5,94.0,33.0,71.1
227,0,53,0,45.3,53.0,39.6,31.3,9.6,9.96,7.22,73.0,42.9,78.6
228,0,53,0,38.7,104.0,66.9,34.3,7.8,8.07,4.6,106.0,73.7,73.2
229,0,53,0,44.5,61.2,14.4,18.1,8.0,6.95,5.0,70.0,18.3,72.0
230,0,53,0,49.0,86.0,28.9,23.9,11.8,6.09,4.0,74.0,33.6,75.8
231,0,53,0,37.8,98.1,30.5,21.1,4.0,5.02,4.42,94.0,23.2,65.2
232,0,53,0,44.8,119.7,29.2,20.7,6.0,13.8,8.78,64.0,49.3,75.4
233,0,53,0,40.5,76.1,27.8,22.0,6.3,11.14,6.96,90.0,53.1,71.3
234,0,53,0,41.7,45.3,23.2,25.1,10.8,5.68,5.78,119.0,114.9,67.9
235,0,53,0,38.1,82.5,8.0,17.5,2.4,9.13,6.28,103.0,35.8,69.9
236,0,53,0,49.2,71.8,42.8,29.4,6.8,15.1,6.24,107.0,48.3,77.8
237,0,54,0,46.9,74.7,36.2,52.6,6.1,8.84,5.2,86.0,33.2,79.3
238,0,54,0,46.0,70.2,18.6,24.7,24.1,7.83,6.24,76.0,24.3,76.8
239,0,54,0,43.0,67.0,36.1,26.1,5.0,10.2,5.98,105.0,45.4,75.9
240,0,54,0,46.4,75.1,54.1,39.6,10.6,6.59,7.43,85.0,73.2,75.2
241,0,54,0,40.8,72.0,25.9,29.2,8.5,7.1,5.79,89.0,15.6,67.9
242,0,54,0,41.6,100.4,51.8,35.7,4.3,10.37,7.29,92.0,82.6,72.4
243,0,55,0,44.1,60.0,26.3,25.9,5.1,7.23,7.3,88.0,41.6,77.7
244,0,55,0,39.0,45.8,23.5,21.2,2.4,8.41,7.73,73.0,36.3,73.0
245,0,55,0,42.9,92.6,21.6,26.1,7.4,12.86,5.73,94.0,42.9,70.1
246,0,55,0,40.0,44.9,10.2,14.1,2.6,5.98,4.55,71.0,8.8,66.3
247,0,55,0,46.2,87.1,36.9,21.0,4.5,7.55,6.33,80.0,30.2,72.2
248,0,55,0,47.6,71.9,25.8,24.5,5.8,9.24,4.63,83.0,29.1,76.7
249,0,55,0,28.1,65.5,16.6,17.5,2.8,5.58,4.39,65.0,26.2,62.4
250,0,55,0,44.7,71.6,22.9,22.1,5.5,6.82,4.61,105.0,59.2,72.7
251,0,55,0,41.5,59.5,15.4,16.2,6.8,6.35,5.22,80.0,12.4,69.9
252,0,56,0,39.9,62.9,27.2,22.8,7.7,5.74,6.75,86.0,30.7,72.5
253,0,56,0,39.4,97.9,28.2,24.7,5.9,10.4,6.61,82.0,17.8,74.1
254,0,56,0,42.9,50.0,20.4,22.1,5.4,7.28,5.37,90.0,34.6,76.0
255,0,56,0,37.9,49.2,16.6,15.7,3.7,9.9,5.3,95.0,20.8,67.1
256,0,56,0,42.1,45.6,30.0,26.7,6.1,8.9,6.4,71.0,37.6,70.1
257,0,56,0,40.2,37.1,30.1,25.1,10.2,9.69,4.93,103.0,20.7,71.9
258,0,56,0,49.5,56.3,22.1,24.9,11.5,8.56,4.69,91.0,14.7,69.6
259,0,56,0,45.7,45.3,19.5,27.0,9.3,10.62,6.04,94.0,17.4,74.5
260,0,57,0,59.7,64.5,17.3,21.2,18.9,12.07,3.97,106.0,15.1,77.6
261,0,57,0,43.5,56.2,60.4,37.3,7.3,6.79,5.99,110.0,185.2,71.8
262,0,57,0,43.3,86.8,21.2,22.2,6.8,7.87,4.91,65.0,19.2,71.3
263,0,57,0,46.4,80.1,20.2,23.9,19.2,8.02,5.31,74.0,17.1,77.5
264,0,58,0,44.0,56.0,30.6,33.0,4.8,12.37,6.33,74.0,58.7,75.8
265,0,58,0,46.8,79.3,38.0,24.1,4.7,9.51,5.07,99.0,22.9,72.4
266,0,58,0,41.3,58.9,12.8,23.4,5.4,8.17,5.7,60.0,10.8,70.1
267,0,58,0,40.9,55.8,17.5,23.0,5.3,8.52,6.41,93.0,18.5,70.9
268,0,59,0,45.7,115.4,16.4,23.8,3.7,8.2,4.46,70.0,14.3,78.5
269,0,59,0,45.3,106.5,13.5,19.2,6.9,7.97,4.86,67.0,15.7,74.6
270,0,59,0,41.9,72.4,19.3,25.5,29.8,5.6,3.09,78.0,27.2,69.0
271,0,59,0,39.8,49.4,25.4,21.4,24.7,7.5,3.69,86.0,18.7,71.9
272,0,59,0,38.4,61.2,15.9,27.2,3.0,6.88,6.89,91.0,14.0,64.5
273,0,59,0,48.9,50.3,23.7,28.1,15.8,8.97,4.33,75.0,19.0,77.6
274,0,59,0,43.8,46.6,28.3,27.4,6.1,10.56,5.47,83.0,20.3,78.5
275,0,59,0,37.8,83.7,25.3,20.0,18.6,7.52,5.07,108.0,17.4,64.1
276,0,60,0,42.2,48.8,41.0,34.8,3.6,9.6,5.6,98.0,71.4,71.6
277,0,60,0,46.3,59.7,24.4,30.4,18.0,7.05,6.2,91.0,13.8,66.9
278,0,60,0,40.4,46.8,17.7,25.7,13.5,5.79,5.42,92.0,19.2,70.0
279,0,60,0,43.4,71.5,10.2,17.4,7.5,8.11,5.31,74.0,13.3,71.5
280,0,60,0,41.1,67.2,49.0,34.4,16.4,10.14,4.65,107.0,25.5,71.9
281,0,60,0,45.2,89.4,38.6,27.2,8.6,5.19,6.01,75.0,76.9,74.4
282,0,61,0,45.9,73.3,17.1,24.3,4.8,10.01,4.95,88.0,23.5,70.8
283,0,61,0,43.4,70.1,19.9,24.0,3.6,6.89,4.58,64.0,24.9,74.2
284,0,61,0,34.3,60.5,35.4,26.6,15.2,9.03,7.62,74.0,51.4,76.0
285,0,61,0,44.8,104.9,15.0,18.8,6.5,9.38,5.42,69.0,26.2,79.6
286,0,61,0,38.9,59.5,22.8,30.9,6.3,9.45,5.23,95.0,20.3,71.4
287,0,62,0,42.1,51.4,11.8,21.8,2.7,5.7,5.25,80.0,12.9,72.0
288,0,62,0,46.6,98.0,36.7,29.4,7.0,7.56,5.52,70.0,23.1,86.5
289,0,62,0,39.6,42.7,31.3,30.9,13.5,7.17,3.81,89.0,16.3,64.8
290,0,62,0,44.7,76.5,43.7,27.5,6.9,9.94,5.74,83.0,59.3,77.8
291,0,63,0,39.5,59.6,26.2,25.4,12.4,6.78,6.18,78.0,22.6,72.7
292,0,63,0,45.3,71.3,16.6,24.1,5.7,8.92,4.69,81.0,19.8,73.7
293,0,63,0,40.8,74.3,25.0,27.5,5.5,7.74,6.35,107.0,50.4,69.3
294,0,64,0,46.0,75.9,34.8,30.6,10.8,9.43,6.69,81.0,53.7,70.7
295,0,64,0,40.1,66.7,18.3,22.5,5.7,9.65,6.37,73.0,19.1,66.0
296,0,64,0,35.1,72.5,27.2,30.5,20.8,7.99,6.47,91.0,36.2,68.7
297,0,64,0,44.5,87.8,15.1,23.2,12.3,9.49,7.7,78.0,20.0,74.3
298,0,65,0,41.0,81.8,27.9,23.6,9.1,7.46,5.84,78.0,21.2,68.2
299,0,65,0,43.1,64.8,43.1,35.6,9.5,9.6,4.03,78.0,21.9,71.5
300,0,65,0,34.8,66.2,51.9,37.5,6.6,8.39,5.91,72.0,112.8,77.0
301,0,65,0,44.7,99.4,31.9,30.5,12.2,7.15,6.31,82.0,38.5,75.7
302,0,65,0,39.1,45.8,23.1,27.5,6.4,7.0,6.23,73.0,27.1,64.3
303,0,65,0,43.6,104.0,32.3,34.2,7.7,8.23,4.69,89.0,20.8,75.5
304,0,66,0,48.4,76.0,31.9,29.6,13.8,8.81,4.17,111.0,26.2,76.7
305,0,66,0,40.6,79.6,27.0,28.0,10.1,10.88,5.48,76.0,29.8,71.8
306,0,66,0,32.6,58.3,20.3,27.3,9.4,9.4,6.8,88.0,24.6,73.1
307,0,66,0,41.0,61.4,28.7,34.8,5.4,9.36,6.66,100.0,26.8,73.6
308,0,67,0,44.8,72.8,39.4,28.4,23.3,7.84,7.02,97.0,78.3,67.5
309,0,67,0,44.4,86.5,25.2,27.3,9.1,8.85,6.43,88.0,77.2,74.8
310,0,67,0,38.7,83.8,19.4,25.8,8.7,7.95,5.53,100.0,16.6,70.4
311,0,68,0,42.9,71.1,15.0,34.8,9.3,8.39,6.64,89.0,14.5,75.5
312,0,68,0,39.3,76.7,19.7,24.6,6.3,10.51,4.15,74.0,28.1,74.2
313,0,70,0,27.8,85.7,25.4,38.9,4.2,6.06,3.96,63.0,46.0,56.9
314,0,70,0,41.0,63.5,16.9,21.6,5.9,6.03,4.74,83.0,13.5,73.7
315,0,71,0,39.0,87.9,26.1,32.1,12.2,10.3,6.31,90.0,99.7,69.8
316,0,76,0,29.2,48.9,25.2,27.2,8.3,4.52,2.79,127.0,18.3,58.1
317,0,76,0,38.0,97.1,28.6,33.1,14.1,4.83,5.56,90.0,117.6,73.8
318,0,77,0,52.2,52.2,12.0,23.5,10.9,5.51,4.41,103.0,25.8,67.2
319,0,32,1,39.9,35.2,22.0,29.8,6.3,8.16,4.37,60.0,4.5,72.5
320,0,32,1,47.4,52.5,19.1,17.1,4.6,10.19,5.07,63.0,23.0,72.2
321,0,32,1,41.1,42.8,10.1,14.1,23.2,6.08,3.75,53.0,9.3,68.9
322,0,32,1,43.5,66.2,9.2,17.8,5.7,7.14,4.38,71.0,44.6,76.1
323,0,33,1,36.0,77.5,14.8,22.0,4.4,8.61,5.26,66.0,13.1,66.1
324,0,33,1,36.9,51.7,17.4,22.0,8.3,7.0,5.02,52.0,19.1,72.0
325,0,33,1,44.3,74.0,49.7,52.3,8.5,6.49,3.34,73.0,44.7,73.8
326,0,33,1,38.1,35.2,11.9,18.3,3.0,6.09,5.22,76.0,15.4,72.0
327,0,33,1,41.0,61.1,27.0,28.0,6.0,8.36,4.93,70.0,24.7,70.5
328,0,33,1,38.2,54.4,17.3,21.2,7.1,8.67,5.69,68.0,32.1,66.9
329,0,33,1,47.6,95.5,18.8,22.2,2.4,7.84,5.57,71.0,16.9,75.0
330,0,33,1,42.4,137.2,14.2,13.1,3.4,8.23,5.07,48.0,25.7,74.4
331,0,33,1,45.9,72.0,37.8,33.5,17.7,7.32,4.25,81.0,21.5,78.3
332,0,33,1,35.4,53.5,9.8,17.6,3.8,6.0,4.48,78.0,8.0,71.5
333,0,33,1,38.5,82.2,11.9,17.0,7.3,7.23,3.92,50.0,7.0,73.3
334,0,33,1,41.2,73.1,14.3,20.8,11.1,7.4,3.22,56.0,11.4,69.9
335,0,33,1,40.6,73.7,12.6,16.3,3.1,7.75,6.36,67.0,19.5,71.4
336,0,34,1,37.3,36.3,19.9,28.7,3.8,3.9,4.94,86.0,4.9,70.7
337,0,34,1,41.9,47.4,20.8,28.5,8.0,7.66,4.61,97.0,11.2,71.9
338,0,34,1,36.3,63.2,21.4,20.4,4.6,7.41,5.17,75.0,18.7,64.2
339,0,34,1,36.2,70.9,14.3,21.6,3.7,9.82,5.59,65.0,27.4,74.3
340,0,34,1,46.5,52.3,30.5,32.3,5.7,9.05,6.28,90.0,18.5,80.6
341,0,34,1,45.5,76.9,17.4,18.6,3.2,8.45,5.1,53.0,25.8,79.7
342,0,34,1,39.7,39.3,11.2,16.4,8.4,5.27,4.68,61.0,24.3,71.5
343,0,35,1,41.0,62.6,27.9,12.0,12.8,10.34,5.9,78.0,22.8,76.1
344,0,35,1,40.5,72.4,14.5,17.9,5.8,9.38,4.13,75.0,17.8,69.9
345,0,35,1,43.4,62.6,19.2,22.0,3.0,10.03,5.07,64.0,12.4,72.8
346,0,35,1,45.6,38.2,22.0,21.9,3.0,6.94,4.69,64.0,17.4,70.4
347,0,35,1,62.9,51.2,20.7,23.0,2.9,6.33,4.62,67.0,15.2,71.9
348,0,35,1,42.0,69.0,19.9,16.6,10.8,7.85,4.43,67.0,15.1,64.1
349,0,35,1,38.0,51.3,18.3,15.3,3.9,8.63,4.91,61.0,16.2,71.8
350,0,35,1,46.9,50.8,35.4,22.1,13.1,8.27,5.7,95.0,37.3,80.7
351,0,35,1,46.1,88.7,23.1,20.0,7.7,8.41,4.79,74.0,28.1,79.3
352,0,35,1,44.7,83.2,25.3,22.6,3.9,8.02,5.73,68.0,10.8,76.4
353,0,36,1,46.4,69.1,17.7,24.3,6.6,6.5,5.62,67.0,18.5,75.5
354,0,36,1,39.7,52.0,39.9,33.5,2.9,9.0,4.18,77.0,27.0,78.5
355,0,36,1,39.9,59.0,11.3,20.4,9.4,7.6,5.51,69.0,16.0,81.0
356,0,36,1,42.7,55.1,12.4,16.0,6.8,6.63,5.05,75.0,10.4,72.8
357,0,37,1,39.2,58.1,12.0,21.0,5.3,5.96,5.8,72.0,15.6,70.7
358,0,37,1,42.1,47.5,18.3,21.7,2.8,8.29,4.36,83.0,28.9,73.4
359,0,37,1,40.5,47.3,15.3,19.4,4.9,5.4,3.95,76.0,7.1,69.0
360,0,38,1,40.0,73.5,16.6,19.2,8.3,5.23,5.52,54.0,24.0,71.0
361,0,38,1,48.5,56.2,36.0,27.9,15.3,11.07,6.06,69.0,23.5,77.3
362,0,38,1,50.3,92.1,40.1,30.9,4.2,10.02,3.97,100.0,30.5,77.3
363,0,38,1,41.2,61.9,19.4,22.9,10.5,7.86,3.61,85.0,19.5,66.6
364,0,38,1,40.3,87.2,21.4,23.9,5.5,7.52,5.73,69.0,20.1,74.0
365,0,38,1,40.0,79.3,11.9,22.0,6.5,8.33,4.58,60.0,13.7,68.1
366,0,39,1,31.4,106.0,16.6,17.0,2.4,5.95,5.3,68.0,22.9,72.3
367,0,39,1,46.4,59.2,14.1,18.9,4.5,7.9,4.55,61.0,14.5,77.3
368,0,40,1,41.7,55.3,12.4,23.5,8.2,4.8,5.32,75.0,10.6,73.5
369,0,40,1,41.6,60.4,14.7,16.3,5.7,7.61,4.57,72.0,9.8,73.1
370,0,40,1,43.2,42.4,15.7,23.6,9.7,7.56,6.74,88.0,11.5,73.2
371,0,40,1,42.9,54.7,46.2,32.8,11.8,8.29,5.25,105.0,27.9,73.9
372,0,40,1,39.9,50.2,14.9,20.4,5.1,6.49,4.92,68.0,24.1,72.8
373,0,41,1,40.4,75.7,24.3,25.2,6.0,8.95,6.01,64.0,15.8,73.0
374,0,41,1,42.4,51.3,16.3,18.3,4.0,6.68,4.24,65.0,17.1,71.9
375,0,41,1,39.3,67.9,17.6,23.4,3.7,6.57,4.33,71.0,61.0,77.1
376,0,41,1,46.2,48.3,15.8,16.6,4.3,4.55,5.18,67.0,13.0,73.7
377,0,41,1,39.8,67.9,19.4,19.5,12.2,7.41,5.02,64.0,27.3,65.5
378,0,42,1,43.4,54.0,11.3,21.3,1.8,6.43,4.43,54.0,18.6,82.3
379,0,42,1,38.7,64.1,35.9,27.8,6.0,8.18,4.87,64.0,15.2,72.1
380,0,43,1,37.6,77.1,8.3,15.9,12.5,8.37,4.49,73.0,68.9,67.1
381,0,43,1,44.1,41.4,17.6,19.8,7.4,7.52,6.05,69.0,21.3,73.2
382,0,43,1,41.2,38.2,18.6,20.5,9.3,6.15,5.44,64.0,9.7,70.9
383,0,43,1,39.0,83.1,21.3,18.8,3.5,12.8,9.03,58.0,22.7,73.1
384,0,43,1,39.0,63.0,7.3,17.5,6.4,7.01,4.94,73.0,14.6,74.4
385,0,43,1,34.7,80.7,27.0,27.9,3.7,7.18,5.55,68.0,9.2,68.2
386,0,43,1,44.8,58.8,23.0,30.1,6.6,8.7,6.08,70.0,10.4,72.8
387,0,43,1,33.7,57.5,15.1,24.8,6.9,7.91,5.37,71.0,46.0,68.4
388,0,43,1,47.8,40.9,12.9,17.2,5.5,4.31,3.96,76.0,10.4,70.7
389,0,44,1,37.4,28.9,16.8,25.8,3.1,6.7,4.45,50.0,9.2,66.3
390,0,44,1,45.6,57.6,21.0,19.1,3.7,10.36,6.68,74.0,20.8,74.4
391,0,44,1,35.5,60.0,13.7,15.0,9.1,6.71,5.29,64.0,7.4,65.2
392,0,44,1,44.0,86.1,15.6,26.1,7.6,6.23,4.72,69.0,11.8,70.5
393,0,44,1,48.3,103.3,37.2,41.5,7.0,7.49,5.04,62.0,17.8,77.5
394,0,44,1,35.8,65.7,21.2,19.2,4.3,10.19,6.13,61.0,19.6,69.4
395,0,44,1,43.0,86.5,18.3,25.0,2.2,8.45,5.9,63.0,13.6,72.7
396,0,44,1,36.3,76.4,17.1,20.8,4.6,6.8,4.27,74.0,14.3,68.0
397,0,44,1,35.5,71.0,15.8,30.0,3.7,7.56,4.43,53.0,17.8,67.7
398,0,45,1,36.7,54.9,25.5,25.3,5.7,6.91,5.42,72.0,13.7,67.5
399,0,45,1,39.5,92.2,18.7,19.4,3.5,8.32,5.38,85.0,15.8,72.2
400,0,45,1,38.6,56.0,20.6,21.5,14.1,6.92,5.48,69.0,14.9,69.9
401,0,45,1,41.7,62.4,15.9,16.8,3.7,4.38,5.05,90.0,10.0,70.5
402,0,45,1,41.8,87.5,37.1,25.6,10.3,10.25,4.56,86.0,92.3,68.4
403,0,45,1,46.4,49.1,14.9,25.5,11.0,8.77,2.86,94.0,12.0,77.1
404,0,45,1,37.5,54.3,12.9,14.8,5.9,6.95,5.29,66.0,49.4,70.1
405,0,45,1,37.0,78.2,19.9,19.1,4.3,6.6,4.73,64.0,31.8,69.6
406,0,45,1,59.8,59.8,13.2,17.4,6.9,5.62,6.42,70.0,12.3,66.6
407,0,46,1,48.8,66.3,19.7,23.6,4.3,10.57,5.88,78.0,24.2,72.4
408,0,46,1,36.7,62.3,10.8,17.4,3.7,6.17,4.07,67.0,15.1,69.0
409,0,46,1,35.8,50.8,18.6,25.2,3.8,8.5,5.85,54.0,10.1,71.5
410,0,46,1,39.9,71.3,15.4,29.5,4.6,5.95,6.94,72.0,13.4,69.5
411,0,46,1,32.4,56.5,23.8,24.8,6.4,8.22,5.19,64.0,11.0,72.0
412,0,46,1,40.1,70.1,15.7,23.8,6.0,8.41,6.03,86.0,11.0,76.4
413,0,46,1,39.9,73.9,14.0,17.2,16.3,6.93,5.11,71.0,12.7,64.7
414,0,46,1,42.9,55.1,15.2,29.8,3.6,8.37,5.07,61.0,29.0,71.9
415,0,46,1,41.1,47.5,21.0,17.7,7.1,7.55,4.42,62.0,11.9,69.8
416,0,46,1,42.3,61.9,20.0,21.8,9.7,8.8,7.09,67.0,35.0,75.2
417,0,46,1,37.9,59.5,33.0,25.0,3.7,6.06,5.3,92.0,43.9,70.0
418,0,46,1,36.8,113.2,31.2,24.8,3.8,9.6,4.83,78.0,19.9,72.7
419,0,46,1,51.3,84.1,40.6,43.6,9.2,7.1,5.62,62.0,74.9,77.1
420,0,47,1,35.6,37.5,17.6,18.0,4.7,4.32,5.59,75.0,13.0,66.0
421,0,47,1,38.7,43.4,12.1,19.4,3.0,5.35,4.6,56.0,15.7,67.8
422,0,47,1,36.4,42.0,11.1,18.3,7.2,4.97,5.47,74.0,7.9,67.0
423,0,47,1,34.6,54.1,10.2,15.3,8.4,6.5,5.1,76.0,10.6,67.7
424,0,47,1,40.3,65.0,13.5,15.2,6.4,7.16,4.55,70.0,16.5,66.2
425,0,48,1,45.6,107.2,24.4,39.0,13.8,9.77,5.07,88.0,38.0,75.1
426,0,48,1,35.2,45.4,23.4,27.1,4.9,6.83,4.35,70.0,11.8,72.1
427,0,48,1,39.2,51.0,15.3,18.4,7.6,9.17,6.66,70.0,16.2,71.7
428,0,48,1,32.0,66.3,14.2,21.3,5.5,4.72,5.23,41.0,17.2,65.6
429,0,48,1,46.3,71.8,23.0,25.2,11.1,9.41,5.84,85.0,19.1,77.4
430,0,48,1,45.3,40.6,18.5,27.7,5.7,7.48,4.64,66.0,19.6,70.6
431,0,48,1,37.5,88.3,14.7,19.6,5.4,9.28,4.68,61.0,12.3,67.9
432,0,48,1,39.6,65.9,64.3,39.5,2.8,8.8,6.14,77.0,24.1,75.8
433,0,48,1,43.7,50.1,17.3,26.3,8.1,8.15,5.38,64.0,13.4,73.1
434,0,48,1,46.8,93.3,10.0,23.2,4.3,12.41,5.07,52.0,23.9,72.4
435,0,48,1,42.5,62.2,12.1,20.1,23.1,4.01,5.58,67.0,13.0,74.2
436,0,48,1,44.4,52.5,16.4,23.4,4.5,9.06,6.78,74.0,10.3,73.1
437,0,48,1,44.4,64.5,17.2,21.1,17.3,4.93,4.05,67.0,12.1,71.2
438,0,48,1,38.8,43.9,12.8,13.3,8.6,5.63,5.31,66.0,21.4,63.2
439,0,49,1,38.8,120.2,25.2,21.5,12.0,8.29,7.11,52.0,18.6,70.7
440,0,49,1,40.9,58.4,20.1,26.5,2.6,9.77,5.99,53.0,12.7,73.9
441,0,49,1,39.1,89.4,15.4,24.1,4.1,10.03,8.36,74.0,12.0,68.1
442,0,49,1,39.3,59.4,18.3,15.0,4.8,8.03,4.58,83.0,12.5,74.3
443,0,49,1,40.5,31.3,16.2,19.4,11.2,4.95,5.1,75.0,14.9,73.2
444,0,49,1,34.9,37.9,15.3,19.4,7.1,5.3,5.88,83.0,7.9,62.5
445,0,49,1,45.4,45.9,14.3,15.9,5.8,9.05,6.81,69.0,14.5,78.2
446,0,49,1,43.3,71.5,28.4,26.0,6.2,7.68,5.91,77.0,19.1,76.9
447,0,50,1,36.9,50.6,15.5,21.7,2.1,9.97,7.01,68.0,17.6,68.4
448,0,50,1,47.6,77.2,24.0,17.5,4.8,9.27,6.41,77.0,21.3,73.5
449,0,50,1,42.5,74.0,10.9,23.0,4.6,9.42,6.33,76.0,9.0,68.8
450,0,50,1,39.9,80.5,24.2,22.8,5.2,9.25,7.41,84.0,19.4,71.2
451,0,50,1,41.2,45.6,25.0,25.1,4.1,7.16,6.54,64.0,15.4,68.2
452,0,50,1,34.6,63.0,24.7,31.0,12.8,6.55,5.95,70.0,25.4,70.2
453,0,51,1,46.3,70.5,75.2,69.2,6.1,7.68,4.73,69.0,52.2,78.3
454,0,51,1,37.8,80.7,32.9,27.3,6.2,7.29,5.26,68.0,27.1,70.6
455,0,51,1,38.3,52.9,12.4,16.5,3.8,7.22,5.43,55.0,12.7,70.2
456,0,51,1,39.6,63.5,17.0,25.9,7.3,7.0,6.97,72.0,10.4,71.9
457,0,51,1,38.3,67.7,17.4,19.9,5.4,7.5,4.94,72.0,7.9,69.0
458,0,51,1,43.1,52.2,18.5,24.1,8.1,7.52,6.76,60.0,17.4,71.9
459,0,51,1,41.4,136.9,33.2,20.0,5.0,10.27,6.24,77.0,106.7,72.2
460,0,51,1,41.0,81.2,35.1,33.3,5.2,8.9,6.56,70.0,21.7,72.4
461,0,51,1,46.0,71.0,18.1,23.8,59.1,5.99,3.25,82.0,11.4,73.3
462,0,51,1,39.6,43.0,16.3,19.6,7.5,5.57,4.96,83.0,62.1,72.9
463,0,51,1,47.4,117.3,62.1,30.4,3.8,10.43,6.59,86.0,69.3,71.0
464,0,51,1,43.7,61.3,18.0,23.3,4.3,9.57,6.04,70.0,18.6,75.2
465,0,52,1,45.5,78.2,25.2,27.7,4.7,8.65,6.04,65.0,28.3,70.5
466,0,52,1,43.8,52.0,15.5,23.9,6.0,7.93,5.41,69.0,11.9,72.4
467,0,52,1,36.0,47.2,19.6,22.5,5.9,7.85,5.69,85.0,30.4,69.2
468,0,52,1,41.7,58.3,22.9,26.7,11.4,9.17,4.33,75.0,14.5,77.1
469,0,52,1,40.2,89.7,26.8,19.1,6.9,9.1,7.04,75.0,41.6,67.4
470,0,52,1,51.5,81.8,26.3,20.6,7.8,6.74,5.9,88.0,16.3,82.2
471,0,52,1,36.7,87.6,34.3,30.8,17.7,10.12,6.98,72.0,24.2,66.3
472,0,52,1,41.3,77.4,16.6,22.2,5.0,7.57,7.8,66.0,10.8,70.0
473,0,52,1,38.2,70.3,19.5,17.5,2.7,10.02,6.17,65.0,35.5,71.1
474,0,53,1,42.4,55.0,20.9,42.4,7.7,6.6,4.26,67.0,14.2,70.9
475,0,53,1,39.0,76.0,25.9,20.7,2.8,11.11,6.38,66.0,50.1,70.8
476,0,53,1,40.1,84.6,23.0,22.1,7.1,8.4,5.16,70.0,82.6,74.6
477,0,53,1,43.7,84.3,18.8,18.6,8.5,10.22,6.65,56.0,16.5,76.9
478,0,53,1,43.5,61.7,16.9,20.3,7.0,7.19,6.97,74.0,12.3,69.2
479,0,53,1,41.1,91.7,13.8,19.6,3.4,7.87,5.48,72.0,77.3,77.3
480,0,53,1,38.0,84.7,23.5,19.8,10.8,7.3,4.82,62.0,11.4,68.5
481,0,53,1,47.4,66.9,24.3,32.6,14.9,10.51,6.03,81.0,25.2,75.0
482,0,53,1,51.3,84.1,40.6,43.6,9.2,7.1,5.62,62.0,74.9,77.1
483,0,54,1,39.9,30.7,17.0,19.3,6.3,6.99,4.95,68.0,13.3,70.7
484,0,54,1,26.2,72.9,28.5,28.8,5.5,7.49,4.91,58.0,27.6,57.0
485,0,54,1,44.5,53.4,13.4,17.5,5.4,7.74,5.55,66.0,15.4,71.9
486,0,54,1,39.9,61.2,23.3,24.5,4.5,9.22,5.47,69.0,58.2,65.8
487,0,54,1,43.3,76.5,19.9,22.4,7.0,8.04,6.77,67.0,17.7,73.3
488,0,55,1,41.9,86.1,19.3,22.3,7.0,8.21,5.05,71.0,32.5,75.2
489,0,55,1,36.2,101.3,19.2,21.9,4.9,6.5,5.86,66.0,12.3,70.3
490,0,55,1,35.2,69.6,23.6,26.0,3.8,4.97,4.43,69.0,29.4,60.5
491,0,55,1,39.9,83.6,18.4,27.4,8.0,8.43,7.67,73.0,13.6,73.3
492,0,56,1,39.7,66.0,14.2,20.8,3.5,7.48,5.88,66.0,7.2,67.2
493,0,56,1,39.5,86.9,22.5,22.2,4.7,9.4,6.02,66.0,13.0,72.6
494,0,56,1,34.7,90.3,22.7,21.6,3.5,8.07,5.45,67.0,9.0,69.4
495,0,56,1,36.6,102.3,13.5,14.9,8.4,6.94,5.5,65.0,16.2,71.0
496,0,56,1,33.2,54.3,15.5,22.8,8.0,5.61,3.87,55.0,19.1,63.1
497,0,56,1,45.1,79.1,39.0,30.5,5.2,6.47,5.1,64.0,145.3,66.7
498,0,56,1,39.9,83.8,19.1,23.6,4.3,7.61,6.06,72.0,16.4,67.1
499,0,57,1,48.4,94.4,2.5,39.6,2.3,8.84,5.07,82.0,6.4,76.8
500,0,57,1,41.2,83.5,32.6,39.3,4.0,10.67,8.46,69.0,22.4,75.7
501,0,57,1,42.6,57.1,15.0,18.9,5.3,8.9,5.93,61.0,21.3,74.8
502,0,57,1,38.6,80.9,33.1,26.7,6.5,6.45,5.1,59.0,11.3,70.9
503,0,57,1,27.3,85.1,18.4,25.4,2.2,8.96,6.66,68.0,10.2,62.5
504,0,57,1,37.9,50.3,12.2,18.1,3.5,6.72,5.06,71.0,10.0,69.3
505,0,57,1,38.7,62.8,21.8,29.2,9.2,6.55,7.08,68.0,13.0,70.7
506,0,57,1,48.0,56.9,8.6,20.1,4.4,8.14,6.9,63.0,14.8,73.1
507,0,57,1,44.7,60.6,16.5,24.3,4.2,10.47,4.9,68.0,15.9,68.5
508,0,57,1,42.7,62.9,11.2,16.6,11.6,12.7,6.25,62.0,8.1,71.9
509,0,58,1,35.3,91.4,14.7,21.0,18.0,6.58,5.51,60.0,10.2,70.4
510,0,58,1,26.3,52.5,39.5,77.2,5.8,5.15,3.53,40.0,31.2,51.0
511,0,58,1,47.0,74.8,36.1,28.9,5.3,9.82,6.71,70.0,32.0,76.6
512,0,59,1,43.0,82.4,33.1,30.0,7.5,9.2,7.43,61.0,30.7,75.4
513,0,59,1,45.1,78.0,26.0,32.4,9.0,9.85,7.32,70.0,12.9,70.9
514,0,59,1,40.0,68.4,13.2,20.3,8.2,9.1,6.38,63.0,16.3,71.9
515,0,60,1,40.5,86.0,26.0,27.6,5.7,8.6,4.9,58.0,20.1,71.7
516,0,60,1,35.8,75.5,28.7,21.5,2.0,9.05,4.56,70.0,24.0,71.8
517,0,60,1,52.4,88.2,50.2,31.7,8.8,8.49,5.0,77.0,47.0,77.0
518,0,60,1,40.1,80.7,34.6,31.2,11.9,9.32,6.94,68.0,27.4,76.6
519,0,60,1,45.4,51.4,16.4,19.0,6.8,10.78,6.79,78.0,12.5,72.8
520,0,60,1,41.4,85.1,15.6,18.6,10.0,8.31,5.34,103.0,13.0,71.5
521,0,61,1,38.1,66.4,11.8,22.7,6.8,6.35,6.55,65.0,14.5,78.9
522,0,61,1,43.4,47.5,12.8,17.3,5.6,7.52,5.81,71.0,11.8,69.9
523,0,62,1,36.6,82.5,18.2,24.3,10.6,9.82,7.12,54.0,15.6,67.8
524,0,62,1,35.4,59.7,21.2,24.7,3.3,9.0,7.45,59.0,17.7,65.4
525,0,62,1,44.0,46.6,24.8,25.5,7.6,6.75,4.59,91.0,39.5,74.3
526,0,63,1,47.6,59.9,21.1,27.8,8.4,9.24,6.08,62.0,18.3,74.5
527,0,63,1,36.1,67.6,13.8,12.2,5.8,9.44,6.88,66.0,22.4,65.0
528,0,63,1,27.8,85.7,25.4,38.9,4.2,6.06,3.96,63.0,46.0,56.9
529,0,64,1,39.8,68.1,20.5,24.8,5.8,7.53,7.58,56.0,14.2,65.8
530,0,64,1,43.0,52.7,31.6,29.2,5.5,11.69,6.0,63.0,61.9,73.4
531,0,65,1,33.0,74.3,13.2,16.8,4.1,7.46,5.76,52.0,9.1,64.2
532,0,68,1,41.4,102.3,38.4,26.4,6.8,8.5,6.79,59.0,23.8,68.9
533,0,70,1,40.0,97.9,15.1,15.9,6.8,11.46,5.08,62.0,19.2,65.3
534,1,47,0,22.5,124.0,79.5,46.7,2.3,6.83,4.3,170.0,345.6,58.6
535,1,48,0,24.9,116.9,49.2,24.3,4.9,3.44,5.25,29.0,83.0,47.8
536,1,49,0,21.6,42.2,9.5,10.6,2.4,3.75,3.01,64.0,38.9,44.8
537,1,55,0,47.3,106.0,208.8,130.6,0.8,14.8,8.08,76.0,71.6,78.3
538,1,71,0,14.9,69.8,19.7,95.2,9.8,13.3,2.61,9.0,7.6,47.0
539,1,74,0,20.3,84.0,22.8,43.0,5.7,4.91,3.19,52.0,218.3,47.8
540,1,59,1,19.3,208.2,325.3,146.6,6.9,5.33,4.72,32.0,295.6,53.1
541,2,38,0,45.0,56.3,23.0,33.1,7.0,9.58,6.0,77.9,18.9,63.0
542,2,19,0,41.0,66.2,87.0,67.0,12.0,7.55,3.9,62.0,65.0,75.0
543,2,23,0,47.0,19.1,38.9,164.2,17.0,7.09,3.2,79.3,90.4,70.1
544,2,25,0,42.0,38.2,63.3,187.7,14.0,6.0,4.28,66.9,40.2,70.5
545,2,27,0,45.0,27.5,10.5,37.8,10.0,8.77,3.2,55.2,35.9,74.5
546,2,29,0,49.0,66.2,53.0,39.0,15.0,8.79,3.6,79.0,37.0,90.0
547,2,30,0,45.0,66.2,66.0,45.0,14.0,12.16,6.1,86.0,43.0,77.0
548,2,32,0,45.0,34.6,44.3,96.2,16.0,10.11,6.28,81.2,48.1,82.1
549,2,32,0,41.0,34.4,12.1,60.9,6.0,13.8,5.48,45.4,33.1,71.1
550,2,34,0,46.0,36.7,7.4,31.6,9.0,9.71,5.37,82.3,34.4,71.6
551,2,35,0,47.0,37.9,13.3,48.4,8.0,10.3,4.14,69.2,68.2,76.0
552,2,36,0,44.0,32.9,9.4,32.0,14.0,11.42,5.73,68.6,40.6,70.9
553,2,38,0,41.0,20.6,15.2,53.5,24.0,10.23,4.89,81.8,57.9,71.1
554,2,41,0,42.0,39.6,26.5,77.6,42.0,9.67,9.67,57.7,143.4,75.8
555,2,44,0,49.0,27.3,40.2,31.1,13.0,8.91,4.07,81.5,27.6,72.8
556,2,46,0,48.0,59.5,11.6,39.0,7.0,16.41,4.65,66.4,158.2,72.7
557,2,50,0,42.0,41.6,10.2,38.1,17.0,9.54,7.04,75.3,92.1,72.3
558,2,51,0,43.0,37.2,21.4,132.8,5.0,10.12,5.23,76.2,76.4,76.7
559,2,56,0,37.0,114.0,27.8,324.0,67.0,5.75,3.09,97.7,392.2,77.3
560,2,58,0,43.0,99.1,12.2,63.2,13.0,5.95,6.15,147.3,491.0,65.6
561,2,33,1,43.0,29.6,3.8,16.7,6.0,6.88,5.72,58.8,11.5,78.2
562,2,41,1,37.0,31.2,8.2,38.3,7.0,7.08,5.3,60.8,24.7,82.4
563,2,50,1,40.0,32.7,9.0,46.0,10.0,7.51,4.67,56.6,22.3,70.1
564,2,61,1,50.0,34.4,27.4,114.4,22.0,9.48,4.62,61.9,169.8,86.0
565,3,29,0,41.0,43.1,2.4,83.5,6.0,11.49,5.42,55.2,130.0,66.5
566,3,40,0,39.0,43.1,23.8,114.7,11.0,9.64,4.2,70.9,127.3,81.3
567,3,46,0,45.0,26.9,23.1,125.0,17.0,6.97,4.01,60.5,72.2,73.0
568,3,48,0,49.0,45.2,19.3,69.1,30.0,7.76,4.22,76.7,28.4,72.3
569,3,49,0,39.0,66.2,118.0,62.0,10.0,7.28,3.5,72.0,74.0,81.0
570,3,49,0,46.0,66.2,114.0,75.0,16.0,10.43,5.2,72.0,59.0,82.0
571,3,50,0,42.0,66.2,258.0,106.0,15.0,8.74,4.7,77.0,80.0,84.0
572,3,53,0,46.0,66.2,34.0,43.0,14.0,8.77,4.0,112.0,203.0,76.0
573,3,54,0,41.0,41.8,41.5,187.9,21.0,8.59,5.85,91.0,104.9,79.1
574,3,57,0,47.0,29.7,10.2,55.9,12.0,6.6,4.64,70.9,69.6,80.9
575,3,59,0,44.0,34.5,8.9,74.5,6.0,9.45,4.45,65.0,95.3,69.7
576,3,64,0,38.0,35.7,7.1,41.3,13.0,7.1,4.52,70.0,53.0,66.8
577,3,71,0,37.0,66.2,130.0,90.0,15.0,9.92,4.7,79.0,77.0,76.0
578,3,36,1,46.0,39.3,67.1,161.9,13.0,9.24,4.81,65.3,60.0,73.9
579,3,38,1,40.0,39.8,14.9,68.9,11.0,8.55,4.31,60.5,40.1,76.5
580,3,57,1,43.0,52.1,8.3,35.8,18.0,8.61,6.19,71.4,27.9,82.0
581,3,68,1,43.0,22.9,5.0,42.1,12.0,7.29,4.89,80.9,11.9,76.1
582,3,49,1,39.0,66.2,46.0,39.0,9.0,10.21,3.1,89.0,53.0,79.0
583,3,51,1,37.0,66.2,164.0,70.0,9.0,3.99,4.2,67.0,43.0,72.0
584,3,56,1,39.0,66.2,42.0,34.0,10.0,7.75,5.0,80.0,84.0,78.0
585,3,75,1,36.0,66.2,114.0,125.0,14.0,6.65,5.07,57.0,177.0,72.0
586,4,38,0,44.0,66.2,94.0,60.0,12.0,4.37,3.2,61.0,99.0,77.0
587,4,39,0,34.0,137.8,4.8,35.6,9.0,3.65,4.82,519.0,133.4,57.5
588,4,41,0,31.0,85.3,4.8,60.2,200.0,1.8,5.34,106.4,151.0,71.8
589,4,42,0,36.0,69.6,14.9,263.1,40.0,3.61,3.93,49.6,61.0,68.6
590,4,45,0,29.0,11.3,7.1,101.9,31.0,1.73,3.71,76.7,65.6,70.0
591,4,46,0,20.0,66.2,62.0,113.0,254.0,1.48,5.07,114.0,138.0,72.2
592,4,46,0,35.0,109.6,2.3,19.2,11.0,7.1,4.1,1079.1,105.6,69.1
593,4,47,0,42.0,66.2,159.0,102.0,11.0,6.29,5.5,58.0,201.0,79.0
594,4,51,0,39.0,66.0,29.6,185.0,19.0,2.0,3.6,58.3,399.5,79.4
595,4,51,0,33.0,29.6,4.5,66.6,91.0,4.02,4.08,75.9,28.5,62.3
596,4,56,0,27.0,81.1,17.0,319.8,37.0,1.42,3.54,66.9,93.7,65.3
597,4,56,0,23.0,105.6,5.1,123.0,43.0,1.8,2.4,62.7,35.9,62.8
598,4,56,0,30.0,40.4,0.9,80.3,119.0,1.88,1.43,79.3,17.6,54.2
599,4,58,0,31.0,143.1,7.0,181.8,58.0,3.29,3.92,66.4,273.7,78.1
600,4,59,0,36.0,49.7,5.2,110.1,37.0,2.29,3.68,118.2,56.9,74.8
601,4,59,0,27.0,73.8,4.0,65.2,209.0,2.47,3.61,71.7,28.5,60.6
602,4,59,0,31.0,86.3,5.4,95.4,117.0,1.57,3.51,60.5,53.6,68.5
603,4,61,0,39.0,102.9,27.3,143.2,15.0,5.38,4.88,72.3,400.3,73.4
604,4,65,0,39.0,66.2,40.0,54.0,13.0,7.5,5.07,70.0,107.0,79.0
605,4,74,0,23.0,34.1,2.1,90.4,22.0,2.5,3.29,51.0,46.8,57.1
606,4,42,1,33.0,79.0,3.7,55.7,200.0,1.72,5.16,89.1,146.3,69.9
607,4,49,1,33.0,190.7,1.2,36.3,7.0,6.92,3.82,485.9,112.0,58.5
608,4,52,1,39.0,37.0,1.3,30.4,21.0,6.33,3.78,158.2,142.5,82.7
609,4,58,1,34.0,46.4,15.0,150.0,8.0,6.26,3.98,56.0,49.7,80.6
610,4,59,1,39.0,51.3,19.6,285.8,40.0,5.77,4.51,136.1,101.1,70.5
611,4,62,1,32.0,416.6,5.9,110.3,50.0,5.57,6.3,55.7,650.9,68.5
612,4,64,1,24.0,102.8,2.9,44.4,20.0,1.54,3.02,63.0,35.9,71.3
613,4,64,1,29.0,87.3,3.5,99.0,48.0,1.66,3.63,66.7,64.2,82.0
614,4,46,1,33.0,66.2,39.0,62.0,20.0,3.56,4.2,52.0,50.0,71.0
615,4,59,1,36.0,66.2,100.0,80.0,12.0,9.07,5.3,67.0,34.0,68.0
